seconds_since_2019_07_04_utc,magnitude,event_id
61375.340,3.98,ci38443095
63229.000,6.4,ci38443183
63301.660,4.49,ci38443191
63317.430,3.93,ci37255940
63346.340,3.63,ci37222356
63352.170,4.28,ci37218988
63364.360,3.94,ci37255980
63418.950,3.41,ci37222380
63421.140,3.66,ci37222372
63434.850,3.97,ci37222364
63445.640,4.01,ci37218996
63466.320,3.24,ci37259580
63475.500,3.86,ci38443199
63501.450,3.73,ci37421941
63527.500,3.5,us70004a0n
63527.760,3.5,ci37222396
63537.260,3.43,ci37256196
63545.120,3.25,ci37259588
63554.620,2.98,ci37259612
63573.310,3.11,ci37222404
63575.360,3.69,ci38443215
63591.740,3.11,ci37259660
63602.250,3.8,ci38443223
63618.520,4.13,ci38443231
63634.900,3.54,ci37222508
63646.140,3.42,ci37222516
63651.720,3.13,ci37259692
63680.850,3.3,ci37421957
63774.130,3.22,ci38443239
63809.200,3.6,us70004a0z
63864.020,2.77,ci37421981
63872.820,3.86,ci38443255
63905.780,3.03,ci37421997
63923.950,3.03,ci37421989
63928.630,3.21,ci37222524
63963.710,2.96,ci38443263
63980.320,2.56,ci37222532
64009.960,3.07,ci38443271
64037.810,3.5,ci38443279
64060.970,3.11,ci37222548
64074.970,3.4,ci37222556
64083.160,3.27,ci37222564
64095.680,3.11,ci37222572
64104.150,2.96,ci37222580
64175.190,2.52,ci37222596
64178.950,2.57,ci37222668
64248.290,2.73,ci37222692
64248.960,2.79,ci38443303
64306.650,3.46,ci38443287
64361.700,2.92,ci38443295
64499.560,2.53,ci38443327
64530.800,2.57,ci37222876
64651.460,2.95,ci38443311
64663.060,2.78,ci37222932
64682.640,3.33,ci38443319
64840.190,2.67,ci38443335
64861.190,2.59,ci37223148
64883.180,3.53,ci37422005
64891.230,3.42,ci37223156
64974.110,2.53,ci38443351
64998.590,2.85,ci38443359
65141.830,2.76,ci38443375
65155.910,2.61,ci37223228
65176.110,3.79,ci38443383
65211.050,2.6,ci37223236
65229.270,3.51,ci38443391
65230.910,3.49,ci37223244
65240.290,3.02,ci37259964
65270.810,2.55,ci37223252
65313.160,3.38,ci38443407
65325.070,3.55,ci37223308
65432.710,3.46,ci38443415
65482.870,2.69,ci38443423
65572.070,3.44,ci38443431
65625.530,2.89,ci37223380
65631.400,3.5,ci38443439
65704.970,2.75,ci38443447
65712.820,3.23,ci37420701
65793.730,2.94,ci38443463
65835.320,2.87,ci38443471
65925.720,3.38,ci38443487
65932.070,2.98,ci37223676
65948.090,2.6,ci37223684
66085.340,2.61,ci38443495
66363.750,3.13,ci38443519
66446.770,3.29,ci38443527
66479.440,4.23,ci38443535
66523.640,3.75,ci38443543
66889.010,2.59,ci37224604
66950.890,2.98,ci37229300
67051.680,2.63,ci38443591
67125.630,2.58,ci37229572
67184.440,4.59,ci38443607
67256.740,3.05,ci37224612
67274.270,3.07,ci38443615
67465.000,3.09,ci38443631
67626.590,4.34,ci38443647
67642.600,4.02,ci37421213
67664.310,3.33,ci37230556
67679.170,3.22,ci37230564
67695.850,2.89,ci37230580
67807.150,2.75,ci38443663
67815.910,3.7,ci38443671
67933.620,2.78,ci38443679
67977.560,2.85,ci37230844
67983.340,3.08,ci37230836
68007.670,3.36,ci38443695
68053.990,4.07,ci38443703
68099.090,2.86,ci37230868
68127.680,3.03,ci38443711
68166.420,4.58,ci38443719
68182.030,4.21,ci37420717
68220.850,2.89,ci37230996
68235.610,3.22,ci37230948
68262.060,2.96,ci37230908
68272.440,2.71,ci37230916
68287.890,2.79,ci38443727
68409.670,3.22,ci38443751
68414.000,3.14,ci37231484
68466.360,2.67,ci37231516
68470.800,3.03,ci38443759
68488.380,2.56,ci37231532
68544.820,2.67,ci37231540
69019.820,3.29,ci38443823
69299.490,3,ci38443831
69471.360,2.98,ci38443855
69478.140,3.26,ci37224620
69651.760,2.76,ci38443863
69692.090,4.5,ci38443871
69980.380,2.72,ci38443879
70038.260,2.82,ci38443895
70789.720,2.7,ci38443983
70808.090,2.53,ci37232916
70829.120,2.67,ci38443991
71344.980,3.26,ci38444047
71476.980,3.35,ci38444063
71533.050,2.86,ci38444071
71760.500,4.16,ci38444103
71785.890,3.27,ci37260124
71880.290,2.63,ci38444119
72071.160,2.56,ci37420685
72092.930,2.5,ci38444135
72257.610,2.58,ci37233108
72368.250,3.39,ci38444159
72482.990,2.52,ci37233404
72691.440,2.6,ci38444191
72890.340,3.99,ci38444215
73056.830,3.09,ci38444231
73389.930,3.43,ci38444263
74072.050,2.62,ci38444311
74726.710,3.1,ci38444407
75325.070,3.4,ci38444487
75432.360,2.57,ci38444503
75775.820,3.47,ci38444543
76028.530,2.62,ci38444559
76995.060,2.81,ci38444687
77195.000,2.98,ci38444719
77566.250,2.65,ci38444783
77614.350,3.15,ci38444791
78033.420,3.44,ci38444823
78119.890,2.82,ci38444847
78368.500,2.6,ci37235828
78424.370,3.25,ci38444903
79355.060,3.44,ci38445015
79503.210,2.78,ci38445039
79522.270,3.56,ci37225444
79928.490,4.43,ci38445087
80946.570,2.6,ci38445183
81007.800,2.51,ci38445199
81016.100,2.85,ci38445207
81741.780,3.23,ci38445295
83230.710,2.57,ci38445463
83560.400,3.53,ci38445495
83585.010,3.04,ci38445503
84840.630,3.82,ci37420973
84842.380,4.04,ci38445703
85353.830,3.72,ci38445751
86076.390,3.39,ci38445839
87245.750,2.79,ci38445935
87481.410,4.04,ci38445975
88128.990,2.8,ci38446031
88326.670,4.02,ci38446071
88399.630,2.59,ci38446079
89139.460,3.85,ci38446159
89380.920,2.52,ci38446175
90533.450,3.11,ci38446343
91093.420,3.21,ci38446391
93487.290,2.73,ci38446615
93701.150,3.25,ci38446639
93719.010,3.98,ci38446647
93919.180,3.4,ci38446671
94431.870,2.63,ci38446767
94781.890,3.26,ci38446807
95035.740,2.75,ci38446831
97189.900,2.81,ci38447047
97273.280,2.76,ci38447055
98118.700,3.24,ci38447143
98393.570,3.41,ci38447191
98493.020,2.56,ci38447207
98720.630,2.55,ci38447231
99972.700,2.58,ci38447383
100014.410,3.14,ci38447391
100027.630,2.72,ci37243404
100213.890,2.52,ci38447407
101498.570,3.53,ci38447591
101581.140,2.62,ci38447599
101685.300,3.56,ci38447623
101729.950,2.5,ci37243828
102784.900,2.61,ci38447727
104165.280,2.56,ci38447911
104499.750,2.61,ci38447927
105037.400,3.2,ci38447999
105505.380,3.45,ci38448031
106156.000,2.62,ci38448071
106157.480,2.67,ci37247972
106812.150,2.81,ci38448143
107558.100,2.52,ci38448183
108563.110,3.65,ci38448295
110442.650,3.22,ci38448487
111540.820,2.63,ci38448591
111573.610,2.58,ci38448599
111742.360,3.23,ci38448631
113257.110,3.72,ci38448791
113953.480,3.46,ci38448863
115243.320,2.9,ci38449015
116464.780,3.47,ci38449191
118009.710,2.99,ci38449335
118442.480,3.48,ci38449351
119480.610,2.9,ci38449503
121589.080,3.62,ci38449719
123394.490,3.1,ci38449919
124037.700,2.53,ci38449999
124397.450,2.71,ci38450047
125846.570,2.89,ci38450215
125978.920,3.54,ci38450223
126473.040,5.37,ci38450263
126520.190,3.75,ci37260284
126609.340,3.03,ci38450271
126691.810,2.84,ci38450279
126739.080,2.71,ci38450287
127039.560,2.52,ci38450295
127224.900,2.59,ci38450319
127508.720,2.58,ci38450367
127754.850,3.03,ci38450415
127761.530,2.64,ci37256244
127774.080,2.8,ci37256252
127891.370,2.58,ci38450447
128163.920,3.19,ci38450511
129110.760,2.64,ci38450631
129529.200,2.9,ci38450663
129910.330,2.55,ci38450735
131037.920,3.35,ci38450935
131118.720,2.5,ci38450943
131838.140,2.86,ci38451063
131910.020,4.09,ci38451079
131946.080,3.11,ci37260292
132600.450,2.59,ci38451175
132904.830,3.65,ci38451239
133943.370,2.75,ci38451383
135663.010,2.74,ci38451623
136053.490,2.61,ci38451671
136541.040,2.62,ci37259684
136907.650,2.55,ci38451775
139173.450,3.94,ci38452095
139229.910,2.76,ci38452103
140409.290,2.78,ci38452247
140617.600,2.76,ci38452271
141137.950,2.53,ci38452367
141543.780,2.55,ci38452431
143163.860,3,ci38452607
147756.510,3.84,ci38453279
151032.500,2.52,ci38453711
151196.230,3.41,ci38453719
151792.600,2.7,ci38453815
153630.990,2.62,ci38454007
158376.980,2.76,ci38454567
161478.710,2.74,ci38454919
161498.360,2.64,ci38454927
162817.620,2.84,ci38455103
163051.160,2.84,ci38455135
163826.070,2.75,ci38455199
165912.050,2.78,ci38455447
166048.320,2.78,ci38455463
166222.660,2.54,ci38455487
167903.380,3.07,ci38455679
169651.430,2.66,ci38455903
173459.270,2.58,ci38456327
173582.720,3.5,ci38456351
173632.470,2.71,ci38456359
173681.710,2.76,ci38456367
173739.130,2.93,ci38456375
173937.790,2.66,ci38456391
174007.140,2.94,ci38456407
175885.700,3.67,ci38456615
175913.750,2.91,ci38456623
179610.770,2.75,ci38457015
180672.230,2.54,ci38457103
180924.560,2.5,ci38457143
182534.070,2.59,ci38457263
183313.090,2.8,ci38457343
184592.480,4.97,ci38457487
184633.500,4.14,ci37257780
184793.040,7.1,ci38457511
184836.080,4.33,ci37222188
184841.140,4.81,ci37222196
184870.050,4.33,ci37222204
184879.190,4.15,ci37260300
184923.570,4.64,ci38457519
184937.100,4.55,ci37219484
184947.160,4.46,ci37219492
184955.630,4.73,ci37219500
184968.300,4.64,ci37219156
184987.570,3.78,ci37260308
184999.870,4.52,ci37219468
185009.560,4,ci37260316
185014.710,4.22,ci37219476
185030.720,4.84,ci37219164
185047.550,3.91,ci37219508
185055.200,3.52,ci37260444
185062.370,4.19,ci38457535
185073.520,4.07,ci37219516
185096.850,3.92,ci37260452
185119.720,3.91,ci37219524
185127.970,4.61,ci37219172
185142.310,3.67,ci37260468
185149.560,3.98,ci37260460
185164.010,4.02,ci37219540
185187.680,3.76,ci37260476
185200.490,3.57,ci37219548
185211.990,4.09,ci37219556
185224.570,3.84,ci37260484
185227.010,4.5,ci37219180
185231.370,4.57,ci37219564
185238.420,3.91,ci37260492
185245.350,3.92,ci37260500
185256.260,4.03,ci37219572
185280.730,4.09,ci38457551
185292.340,4.09,ci37219580
185305.160,3.98,ci37219588
185326.550,4.19,ci38457559
185350.290,4.02,ci37219596
185355.860,4.01,ci38457575
185368.840,4.07,ci37219604
185372.080,4.51,ci38457583
185387.130,3.57,ci37219612
185390.040,3.57,ci37260612
185400.710,3.56,ci37260620
185425.050,4.49,ci38457591
185443.010,3.53,ci37219620
185459.670,3.9,ci37219628
185470.380,3.55,ci37219636
185484.540,3.62,ci37219644
185493.720,3.45,ci37260788
185508.760,3.97,ci37219652
185518.270,3.86,ci37219660
185533.430,3.32,ci37260804
185545.640,3.61,ci37219668
185549.440,3.68,ci37219676
185566.660,4.17,ci38457599
185583.660,3.9,ci37219684
185600.200,4.08,ci37219700
185619.100,3.8,ci37219716
185619.450,4.01,ci37219708
185628.800,3.19,ci37261156
185635.940,3.51,ci37260828
185661.530,3.63,ci37219732
185667.200,3.43,ci37260860
185676.640,3.29,ci37261164
185682.840,3.74,ci37219740
185695.980,3.52,ci37219788
185705.420,4.09,ci38457607
185724.390,3.42,ci37260868
185730.660,3.67,ci37219796
185744.730,3.39,ci37219804
185749.820,3.35,ci37260876
185758.410,3.49,ci37260884
185776.460,4.35,ci38457615
185788.480,3.85,ci37219812
185814.860,3.22,ci37260892
185825.160,3.63,ci37219820
185845.270,3.53,ci37219828
185864.910,3.47,ci37260924
185902.930,3.79,ci37219836
185921.000,3.26,ci37261204
185936.100,3.45,ci38457623
185942.720,3.69,ci37219844
185954.680,3.84,ci37421221
185974.110,3.74,ci37421237
185981.270,3.24,ci37219852
186004.140,3.65,ci38457631
186016.160,2.99,ci37261220
186032.540,3.42,ci37219860
186043.090,3.36,ci37261244
186051.430,3.49,ci37219868
186074.110,3.14,ci37219876
186087.460,3.18,ci37261260
186098.650,3.98,ci38457639
186106.460,3.46,ci37261268
186124.410,3.2,ci37261276
186129.680,3.57,ci37261284
186145.640,3.3,ci37219884
186157.900,3.46,ci37261436
186165.760,3.57,ci37219908
186172.530,3.86,ci38457655
186189.040,3.85,ci37219900
186212.470,3.15,ci37261468
186241.600,3.86,ci38457663
186250.780,3.6,ci37261484
186257.710,3.96,ci37219924
186290.150,3.29,ci37219948
186309.010,3.47,ci38457671
186313.210,3.49,ci37220108
186329.320,3.46,ci37220268
186354.830,3.52,ci37220276
186379.420,3.16,ci37261500
186386.870,4.26,ci38457679
186398.500,3.72,ci37220284
186417.130,3.34,ci37261516
186420.080,3.57,ci37220292
186428.740,3.32,ci37261540
186473.420,5.5,ci38457687
186494.550,3.8,ci37261556
186504.660,3.98,ci37220300
186516.260,3.55,ci37261564
186534.220,3.53,ci37261628
186537.740,3.68,ci37261620
186564.980,3.78,ci37220308
186592.420,3.83,ci38457695
186604.740,3.67,ci37261788
186611.070,3.79,ci37421773
186634.000,3.45,ci37220588
186649.350,3.79,ci37220316
186659.710,4.97,ci38457703
186680.330,3.76,ci37261844
186698.800,3.44,ci37261900
186706.160,3.23,ci37261948
186713.810,3.08,ci37261964
186723.730,3.57,ci37220596
186743.960,3.35,ci37220604
186774.840,3.6,ci37220612
186779.340,3.69,ci37220748
186800.900,3.47,ci37220908
186820.290,3.68,ci38457719
186820.350,3.27,ci37221068
186837.980,3.67,ci37221076
186849.890,3.24,ci37261980
186855.260,3.37,ci37261988
186886.840,3.5,ci38457727
186903.710,3.14,ci37221092
186920.020,4.06,ci38457735
186948.170,3.15,ci37262524
186961.640,3.48,ci37221100
186962.750,3.07,ci37262684
186970.490,3.35,ci37262860
186985.080,3.09,ci37262884
186993.520,3.53,ci37221108
187005.000,3.24,ci37262892
187032.320,3.01,ci37262916
187057.970,3.59,ci37221116
187070.900,4.31,ci37421229
187091.300,3.44,ci37262924
187105.300,3.49,ci37221124
187127.290,3.22,ci37262956
187137.000,3.15,ci37263204
187137.750,3.39,ci37263020
187150.110,3.03,ci37263212
187164.000,3.47,ci37221132
187188.610,3.53,ci38457759
187210.650,3.04,ci37221140
187236.030,3.2,ci37221148
187246.390,3.01,ci37263220
187258.520,3.2,ci37221180
187265.610,3.24,ci37221156
187322.940,2.87,ci37221172
187334.740,3,ci37221164
187362.790,3.28,ci38457767
187379.570,3.48,ci37221220
187386.160,3.11,ci37263228
187449.030,3.11,ci37221236
187493.230,3.08,ci37221388
187497.540,2.91,ci37221396
187514.130,2.83,ci37221412
187527.720,3.55,ci37221404
187540.640,3.05,ci37263236
187549.900,3.9,ci37221188
187570.320,3.13,ci37221196
187574.580,3.79,ci38457887
187591.960,3.21,ci37221204
187610.070,3.18,ci37221212
187624.570,4.68,ci38457775
187635.800,3.74,ci37263244
187657.930,3.62,ci37221428
187672.610,3.03,ci37221436
187687.770,3.13,ci37263252
187715.800,3.41,ci38457791
187725.480,3.44,ci37221444
187735.760,3,ci37263260
187750.450,2.94,ci37221452
187771.080,3.37,ci37221460
187790.190,3.45,ci37221548
187805.710,3.38,ci37221556
187806.490,3.26,ci37221564
187837.520,3.45,ci38457799
187849.060,3.69,ci37221580
187852.280,3.4,ci37221612
187858.090,3.57,ci37263324
187862.280,3.83,ci37221588
187868.920,3.49,ci37258068
187883.280,3.25,ci37221596
187913.940,3.08,ci37221604
187922.550,3.09,ci37263332
187933.840,3.86,ci38457807
187938.850,3.87,ci37221620
187964.170,3.57,ci37221628
187986.130,3.63,ci37220324
187987.080,4.8,ci38457815
188010.590,3.52,ci37263340
188035.120,3.43,ci37221636
188060.800,3.84,ci37221644
188071.370,3.74,ci37221708
188095.290,3.02,ci37263348
188099.200,3.04,ci37221716
188115.030,2.69,ci37263356
188124.200,2.94,ci37221868
188130.780,2.94,ci37263364
188161.980,3.13,ci37221876
188169.740,2.94,ci38457823
188177.230,3.52,ci38457831
188196.160,3.14,ci37221892
188208.800,3.58,ci37221884
188233.350,2.79,ci37221900
188233.710,2.84,ci37263372
188261.000,2.96,ci37221908
188287.940,3.39,ci38457839
188312.600,3.16,ci37221924
188316.030,3.63,ci37221916
188335.790,5.44,ci38457847
188355.480,4.29,ci37221932
188380.830,3.37,ci37263380
188394.940,3.83,ci38457855
188396.010,4.01,ci38457863
188406.180,3.53,ci37263396
188422.140,3.36,ci37263484
188428.200,3.68,ci37221940
188440.160,2.92,ci37263492
188446.910,3.6,ci37221948
188460.220,3.53,ci37263500
188495.820,4.17,ci38457871
188513.760,3.62,ci37222028
188536.200,3.64,ci37222036
188559.100,3.09,ci37222044
188594.240,2.93,ci37222068
188609.510,3.37,ci37222052
188609.830,3.34,ci37222060
188632.580,3.09,ci37263508
188654.940,3.26,ci38457879
188680.670,3.65,ci38457895
188683.320,3.67,ci37222092
188724.620,2.74,ci37222108
188736.100,2.96,ci37222116
188769.860,2.85,ci37222124
188777.230,2.87,ci37222132
188797.290,3.23,ci37222140
188815.770,2.83,ci37222148
188830.340,3.59,ci38457903
188889.260,3.51,ci37222156
188918.500,3.16,ci37222164
188942.200,3.6,ci38457911
188961.400,3.08,ci37263516
189003.430,3.23,ci37224788
189009.210,3,ci37263644
189044.040,3.04,ci38457919
189046.820,3.49,ci37224748
189065.250,3.54,ci38457927
189079.460,3.75,ci37224756
189098.200,3.41,ci37224764
189102.380,3.28,ci37263532
189122.530,2.91,ci37263540
189132.860,3.17,ci37263548
189146.130,2.91,ci37263556
189162.690,2.97,ci37263564
189184.730,2.84,ci37263660
189192.360,2.9,ci37263668
189204.410,3.34,ci38457935
189214.330,2.98,ci37263676
189220.150,3.05,ci37263684
189230.060,3.61,ci37224772
189241.800,3.22,ci37224796
189251.150,3.53,ci37224780
189264.330,3.13,ci37224804
189278.320,3.18,ci37224812
189287.830,2.78,ci37263700
189299.880,2.57,ci37263692
189315.900,3.21,ci37224820
189379.870,2.74,ci37224916
189390.490,3.17,ci38457951
189394.900,2.88,ci37224956
189403.370,2.86,ci37224940
189410.230,3.8,ci37224932
189415.310,4.85,ci38457967
189433.570,4.33,ci37224964
189451.520,3.22,ci37263716
189463.640,3.27,ci37224972
189488.610,3.59,ci37263724
189504.630,3.02,ci37263732
189550.040,3.15,ci38457975
189583.930,3.42,ci37224980
189586.020,3.4,ci37224988
189609.690,3.42,ci37224996
189615.980,4.24,ci38457983
189639.610,3.39,ci37225004
189663.050,3.61,ci38457991
189696.260,2.79,ci37225012
189709.210,3.45,ci38457999
189736.440,2.62,ci37225020
189746.860,2.77,ci37225028
189767.400,2.74,ci37225036
189774.390,3.36,ci38458007
189802.910,3.14,ci37225044
189849.190,3.03,ci38458015
189872.390,3.33,ci38458023
189877.670,3.14,ci37225084
189922.590,2.53,ci37225124
189925.550,2.88,ci37225140
189928.810,2.6,ci37225132
189936.470,3.56,ci38458031
189940.920,3.33,ci37225100
189970.120,2.6,ci37225148
189997.600,2.89,ci37225156
190050.930,3.05,ci38458047
190057.150,3.16,ci37225172
190090.820,2.9,ci37225180
190115.640,2.97,ci37225188
190128.860,3.12,ci37225196
190137.880,2.97,ci37263740
190142.340,3.05,ci37225204
190159.140,2.65,ci37225212
190182.550,3.71,ci38458063
190196.620,2.98,ci37263756
190204.100,3.68,ci37225220
190211.880,3.51,ci37263764
190216.120,3.72,ci37225228
190223.490,3.41,ci37263772
190242.220,3.45,ci37225388
190263.290,2.6,ci37225396
190300.760,2.65,ci37263804
190303.570,2.82,ci37225404
190309.070,3.04,ci37225412
190324.010,3.54,ci38458071
190337.710,4.47,ci38458079
190365.230,3.4,ci37225420
190383.960,3.54,ci37225428
190421.990,3.98,ci38458087
190425.340,3.66,ci37225436
190444.720,2.94,ci37225452
190474.810,2.94,ci38458095
190521.890,3,ci37225548
190522.740,3.14,ci38458103
190547.030,3.04,ci38458111
190562.220,3.22,ci38458119
190573.980,2.6,ci37426981
190646.620,3.26,ci38458127
190692.040,3.45,ci38458135
190716.690,4.03,ci38458143
190744.030,2.81,ci37427045
190756.420,2.98,ci37427053
190784.740,2.62,ci37427061
190800.780,2.67,ci37427069
190829.050,3.24,ci38458159
190843.610,3.09,ci37427093
190854.290,2.84,ci37427101
190903.090,2.91,ci37427165
190910.660,2.98,ci37427173
190911.260,2.93,ci37427181
190913.030,3,ci37427197
190955.720,2.61,ci37427205
190977.520,2.6,ci37427245
190987.180,3.51,ci37427213
191016.720,3.45,ci38458167
191059.720,3.63,ci38458175
191063.380,3.61,ci37427253
191081.920,2.73,ci37427261
191093.860,3.11,ci38458183
191106.070,2.76,ci37427373
191135.650,2.95,ci37427381
191154.090,2.5,ci37427389
191169.590,2.78,ci38458191
191177.800,2.7,ci37427397
191216.030,3.27,ci38458199
191225.690,2.93,ci38458207
191291.260,3.67,ci38458215
191322.570,3,ci37427405
191371.790,3.44,ci38458223
191399.590,3.11,ci37427421
191409.260,3.51,ci37427437
191437.380,2.55,ci37427445
191444.280,2.52,ci38458231
191493.120,2.72,ci38458239
191531.470,2.59,ci37263852
191533.040,2.99,ci38458247
191534.240,2.71,ci37427469
191534.570,2.69,ci37263844
191556.300,2.64,ci37427533
191575.380,2.78,ci38458255
191582.510,2.57,ci37427541
191590.390,2.52,ci37427549
191594.990,3.97,ci38458263
191631.490,3.21,ci37427557
191661.890,2.7,ci37427589
191662.180,2.86,ci38458271
191694.790,2.91,ci37226684
191696.880,3.38,ci38458287
191718.850,2.57,ci37226692
191731.400,2.99,ci37226836
191737.240,3.52,ci38458295
191765.280,3.32,ci37226844
191780.470,3.17,ci37226852
191806.880,2.64,ci37226860
191828.060,2.78,ci37226868
191851.240,2.7,ci37226876
191855.960,2.53,ci37226892
191869.530,2.9,ci37226884
191900.840,2.54,ci37226908
191910.310,3.07,ci37226900
191977.350,3.06,ci38458303
192043.890,2.61,ci38458311
192062.300,3.06,ci37226940
192071.120,3.26,ci38458327
192081.760,2.82,ci37263868
192094.750,2.56,ci37226948
192096.180,2.95,ci37263884
192137.350,2.64,ci37263892
192151.120,2.99,ci38458335
192154.420,3.06,ci37226956
192172.800,3.16,ci37226964
192202.200,2.86,ci38458343
192229.830,3.05,ci38458359
192248.650,2.83,ci38458351
192250.510,2.81,ci37263972
192257.130,2.96,ci37227004
192304.870,4.29,ci38458375
192336.710,3.5,ci37227020
192341.850,3.32,ci37263980
192365.990,3.3,ci38458383
192384.440,2.93,ci37227028
192413.000,3.45,ci38458391
192425.020,3.44,ci37227036
192448.120,3.07,ci37227044
192462.150,2.94,ci37227052
192485.080,3.04,ci37227068
192519.220,3.16,ci38458407
192523.140,3.48,ci37227076
192547.270,3.17,ci37227084
192568.650,3,ci37227156
192580.360,3.04,ci38458415
192617.980,2.63,ci37227164
192639.780,2.66,ci38458423
192643.690,3.09,ci37227172
192716.580,3.39,ci38458431
192737.910,3.1,ci37227196
192749.140,3.27,ci37227204
192763.080,3.14,ci37227220
192769.970,2.72,ci37263988
192779.940,3.61,ci38458439
192793.660,3.38,ci37227228
192823.450,2.67,ci37227236
192848.110,3.03,ci38458447
192870.380,2.74,ci37227244
192904.880,2.68,ci38458455
192927.510,2.67,ci37227252
192933.180,2.88,ci38458463
192950.450,2.89,ci37227260
192971.580,2.5,ci37227268
193006.600,2.85,ci38458471
193050.430,3.32,ci38458479
193094.420,2.74,ci37227324
193135.050,2.64,ci37227332
193154.300,3.44,ci38458487
193208.510,3.27,ci38458495
193209.270,3.13,ci37227348
193216.280,3.26,ci37227356
193292.240,3.56,ci38458503
193296.030,3.66,ci37227372
193308.390,3.78,ci37227380
193352.470,2.99,ci37227388
193352.850,2.88,ci37227396
193365.360,2.89,ci37227404
193386.410,2.78,ci37227412
193402.370,3.34,ci38458511
193429.050,2.82,ci37227476
193429.860,2.84,ci38458519
193448.930,3.44,ci38458527
193457.230,3.35,ci37227500
193472.760,2.91,ci37227508
193479.790,2.77,ci37227516
193492.010,2.7,ci37227524
193526.320,3.08,ci38458535
193541.870,2.84,ci37227532
193566.840,3.05,ci38458543
193628.600,2.71,ci37227796
193683.750,2.5,ci37227812
193797.470,3.03,ci37227996
193815.300,3.02,ci37228004
193816.350,2.86,ci37227988
193849.260,2.69,ci37228012
193890.690,2.78,ci37228036
193909.700,3.39,ci38458567
193925.350,3.62,ci38458575
193970.320,2.8,ci37228052
193975.390,2.92,ci37228068
194107.100,2.98,ci38458599
194121.960,2.9,ci38458607
194162.490,2.5,ci38458615
194169.740,2.52,ci37228084
194174.480,2.81,ci37228092
194189.090,2.74,ci38458623
194204.090,2.65,ci38458631
194224.230,2.6,ci38458639
194243.120,2.53,ci37228100
194293.420,2.79,ci37228108
194297.570,4.15,ci38458655
194325.840,3.45,ci38458647
194384.190,3.57,ci38458663
194457.770,3.5,ci38458671
194506.390,3.09,ci37263996
194511.800,4.63,ci38458679
194550.250,3.2,ci37420885
194570.160,2.67,ci37228116
194604.510,2.69,ci37228276
194621.430,2.73,ci37228284
194628.180,3.19,ci37228292
194642.310,2.64,ci37228300
194647.880,2.84,ci37228308
194653.100,2.74,ci37228316
194674.100,3.46,ci38458687
194696.980,2.55,ci37228324
194718.150,2.66,ci37228436
194735.620,2.89,ci38458695
194759.580,2.8,ci38458703
194792.980,2.73,ci38458711
194807.100,2.94,ci37228444
194818.610,3.02,ci37228468
194828.680,3.53,ci38458719
194851.920,2.93,ci37264004
194860.070,3.37,ci37420965
194881.540,2.71,ci38458727
194890.510,2.94,ci37228476
194930.170,2.71,ci37228604
194948.080,3.02,ci38458735
195105.230,2.52,ci37228652
195172.000,4.27,ci38458759
195203.000,3.02,ci37264012
195215.610,2.99,ci37264020
195255.680,3.33,ci38458767
195302.990,2.78,ci38458775
195316.120,2.86,ci37228692
195320.400,2.59,ci37228700
195361.130,3.21,ci38458783
195430.080,2.84,ci38458791
195440.990,3.45,ci38458799
195474.830,2.67,ci37228812
195488.980,2.77,ci38458823
195491.250,3.55,ci38458815
195525.970,3.45,ci37228820
195582.410,3.14,ci38458831
195597.920,2.56,ci37228844
195633.160,2.82,ci38458839
195653.690,2.72,ci37228852
195657.480,2.93,ci37228860
195722.620,2.56,ci38458847
195755.560,2.58,ci38458855
195952.490,2.93,ci37228964
195958.220,2.99,ci38458887
195978.620,3.06,ci38458895
196013.340,3.42,ci38458903
196053.010,2.94,ci38458911
196064.450,2.75,ci37229100
196124.340,2.91,ci38458927
196131.870,2.89,ci38458935
196137.500,3.3,ci37229124
196165.330,2.97,ci37229132
196227.120,2.7,ci37229156
196245.870,3.31,ci38458943
196250.570,3.13,ci37229172
196260.730,3.72,ci38458951
196269.270,3.31,ci37264124
196309.560,2.8,ci38458959
196315.320,3.55,ci38458967
196327.830,3.09,ci37229188
196346.660,2.97,ci38458975
196389.860,2.77,ci38458983
196423.070,2.7,ci37229284
196434.420,2.75,ci37229292
196458.740,2.54,ci38458991
196487.410,4.05,ci38458999
196516.600,2.84,ci37229308
196533.690,3.09,ci37229324
196535.450,2.89,ci37229332
196598.530,2.75,ci38459007
196639.840,2.5,ci37229428
196667.280,2.51,ci38459023
196750.040,2.98,ci38459031
196802.000,3.03,ci38459039
196807.410,2.86,ci37229548
196875.060,3.9,ci38459047
196990.470,2.6,ci38459055
196996.770,2.7,ci38459063
197030.040,2.73,ci38459071
197036.890,2.64,ci37230380
197048.600,2.64,ci38459079
197108.770,2.59,ci37230516
197130.730,2.86,ci38459103
197159.800,2.8,ci37230572
197172.130,2.81,ci37230532
197228.020,3.24,ci38459127
197230.840,3.57,ci38459135
197274.660,2.78,ci38459143
197287.660,2.99,ci37230652
197303.650,2.68,ci37230668
197367.720,2.77,ci37230884
197368.910,3.32,ci38459167
197384.620,2.54,ci37230900
197412.070,2.84,ci38459175
197418.180,2.77,ci37230940
197436.520,3.39,ci38459183
197541.680,2.67,ci38459199
197545.970,3.77,ci38459207
197589.890,3.4,ci38459215
197603.110,3.11,ci37231492
197614.190,2.77,ci37231508
197677.280,2.54,ci37231556
197781.180,3.25,ci38459239
197798.350,2.56,ci37231748
197846.550,2.56,ci37231796
197853.020,2.77,ci37231804
197867.530,3.24,ci38459247
197891.100,2.85,ci38459255
197909.350,2.5,ci37231820
197999.430,3.46,ci38459279
198020.440,2.92,ci38459287
198032.770,2.87,ci37231940
198059.980,2.96,ci38459295
198067.140,2.52,ci37232124
198111.970,2.71,ci38459303
198149.110,2.64,ci37232172
198169.040,2.52,ci37232220
198194.700,3.46,ci38459311
198262.230,3.01,ci38459319
198282.040,3.88,ci38459327
198321.030,3.56,ci38459335
198397.290,2.72,ci38459343
198443.700,2.55,ci37232420
198457.060,2.7,ci38459351
198565.690,2.85,ci37232516
198580.490,2.87,ci38459375
198587.590,2.62,ci38459367
198596.770,3.22,ci38459383
198660.580,2.53,ci38459391
198692.180,2.83,ci38459399
198738.590,2.62,ci37233012
198747.990,2.71,ci38459407
198816.110,3.09,ci38459415
198926.440,3.34,ci38459439
198955.170,2.55,ci37233180
198963.150,3.75,ci37233156
199017.530,2.52,ci38459447
199038.210,2.53,ci37233196
199242.350,2.67,ci38459479
199402.770,2.68,ci38459503
199423.830,2.66,ci38459511
199455.730,2.72,ci37233948
199458.930,2.86,ci38459519
199471.110,3,ci37233956
199487.440,2.78,ci38459527
199523.300,2.83,ci38459535
199586.420,2.78,ci38459543
199690.380,2.91,ci38459551
199728.310,3.02,ci38459567
199739.940,2.86,ci37234644
199804.540,2.67,ci38459583
199851.220,2.8,ci38459591
199874.490,3.62,ci38459599
199920.630,2.53,ci37234708
199934.610,2.56,ci37234684
200045.630,2.61,ci37235356
200063.820,2.88,ci38459639
200095.450,3.09,ci38459647
200099.650,3.21,ci37235380
200124.740,2.84,ci38459655
200151.410,2.5,ci37235396
200169.620,2.7,ci38459663
200175.590,3.1,ci37235404
200183.540,3.44,ci38459671
200220.030,2.73,ci38459679
200222.680,2.77,ci37235412
200309.390,2.56,ci37235460
200393.590,2.59,ci37235556
200430.580,2.8,ci37235564
200540.160,2.74,ci38459759
200607.980,2.69,ci38459767
200741.420,2.56,ci38459799
200776.830,2.96,ci38459807
200790.340,3.33,ci37235820
200940.000,3.05,ci38459831
200952.290,2.79,ci37235876
201001.980,3.21,ci38459839
201015.380,3.43,ci37235916
201090.970,2.7,ci38459847
201131.720,3.24,ci38459855
201144.520,3.73,ci38459863
201169.630,2.9,ci37235972
201206.120,2.66,ci38459871
201281.270,2.52,ci37236068
201286.580,3.87,ci38459887
201363.660,3.55,ci38459895
201542.080,2.58,ci38459919
201545.800,2.62,ci37236180
201587.730,2.76,ci38459927
201624.820,2.57,ci37236284
201660.680,3.24,ci38459943
201841.630,2.65,ci38459967
201882.530,2.62,ci38459975
201886.390,2.54,ci37236436
201923.170,2.61,ci38459983
201953.310,2.65,ci37236820
201955.470,2.63,ci38459991
202025.200,2.7,ci38460007
202032.290,2.59,ci37236884
202035.390,2.56,ci37236892
202112.950,2.83,ci37236924
202144.650,2.78,ci37237236
202145.360,2.63,ci38460023
202174.310,2.53,ci37237244
202200.940,2.61,ci38460031
202250.100,3.62,ci38460039
202282.810,2.58,ci37237404
202341.250,2.55,ci37237428
202376.960,2.51,ci38460055
202379.850,2.65,ci37237436
202431.640,2.58,ci37237452
202434.140,2.75,ci37237460
202477.020,2.59,ci38460079
202676.310,2.55,ci38460127
202679.580,2.66,ci37482933
202708.990,2.5,ci38460135
202714.590,2.68,ci37482509
202718.290,2.87,ci37482517
202829.660,2.68,ci38460151
202923.680,2.79,ci38460175
202999.190,2.5,ci38460183
203007.860,2.57,ci37357724
203044.400,2.71,ci38460199
203211.080,3.27,ci38460223
203212.560,3.53,ci37264140
203252.590,2.51,ci38460231
203273.150,2.67,ci38460239
203313.770,3.59,ci38460255
203351.090,2.86,ci38460263
203433.180,2.64,ci38460271
203434.690,2.51,ci37482829
203469.290,3.23,ci38460279
203552.940,2.62,ci38460295
203569.820,2.64,ci38460303
203577.550,4.56,ci38460311
203715.040,2.55,ci37482453
203725.840,2.54,ci38460319
203808.870,3.07,ci38460335
203921.390,2.81,ci38460359
203982.830,3.09,ci38460375
203995.090,3.32,ci37489525
204030.650,2.71,ci38460391
204045.630,2.79,ci38460399
204093.040,3.35,ci38460415
204117.740,2.52,ci37264156
204119.620,3.13,ci37264148
204166.950,2.67,ci38460431
204189.860,2.61,ci38460439
204392.430,3.27,ci38460471
204663.990,2.57,ci37483229
204975.350,2.52,ci38460583
204993.220,2.6,ci37421141
205002.890,2.54,ci38460591
205046.460,2.81,ci38460599
205070.170,2.67,ci38460607
205138.930,2.73,ci38460615
205149.290,3.29,ci38460623
205195.720,3.6,ci38460631
205197.510,3.96,ci38460639
205256.060,2.99,ci38460647
205342.210,3.05,ci38460655
205392.250,2.98,ci38460671
205443.190,2.53,ci38460687
205450.730,2.52,ci38460695
205525.910,3.21,ci38460719
205581.730,3.37,ci38460727
205630.430,2.66,ci38460735
205658.230,2.69,ci37482917
205683.220,3.44,ci38460743
205918.580,2.55,ci38460783
205961.470,2.99,ci38460791
206091.030,2.87,ci38460823
206143.310,2.54,ci37482693
206195.040,2.6,ci38460839
206264.970,2.78,ci38460855
206358.550,2.74,ci38460863
206459.260,3.06,ci38460887
206482.990,3.17,ci38460895
206621.570,3.25,ci38460911
206663.070,3.59,ci38460927
206670.940,2.99,ci37264164
206818.090,2.87,ci38460943
206828.460,3.51,ci38460951
206879.800,2.93,ci38460959
206908.980,4.89,ci38460967
206921.790,4.24,ci37258076
206939.630,3.48,ci37264180
206949.300,3.38,ci37264188
206960.970,4.41,ci38460975
206984.490,3.39,ci37264196
206999.500,3.47,ci37264204
207041.240,4.49,ci38460983
207057.620,3.45,ci37264284
207079.000,3.32,ci37264292
207092.070,3.08,ci37264300
207205.010,3.2,ci38460991
207239.740,3.6,ci38460999
207267.830,3.51,ci38461007
207349.720,2.72,ci38461015
207399.360,3.15,ci38461023
207514.470,2.76,ci37482797
207572.440,2.78,ci37482445
207644.780,2.6,ci38461055
207711.060,2.67,ci38461063
207782.020,2.74,ci38461079
207977.700,2.54,ci38461119
207999.930,3.39,ci38461127
208036.700,2.68,ci38461135
208051.340,2.78,ci37482461
208109.810,3.39,ci38461151
208173.290,3.22,ci38461159
208237.530,2.62,ci38461175
208243.220,3.06,ci38461183
208281.370,2.54,ci38461191
208332.680,2.68,ci38461199
208346.480,2.85,ci37482765
208482.470,2.75,ci38461239
208553.810,2.55,ci38461255
208566.020,2.52,ci38461263
208614.640,2.52,ci38461279
208654.960,3.08,ci38461295
208671.490,3.07,ci37400764
208766.600,3.75,ci38461311
208796.230,3.21,ci37400772
208800.350,3.48,ci37264308
208870.440,2.86,ci38461319
208944.360,3.04,ci38461327
208957.020,3.18,ci38461335
208976.900,2.92,ci37483333
209002.380,2.96,ci38461351
209072.140,2.78,ci38461359
209120.150,3,ci38461383
209132.610,3.41,ci38461391
209249.190,2.63,ci38461407
209252.600,2.84,ci37482549
209282.530,3.26,ci38461423
209306.830,3.04,ci38461431
209358.110,3.52,ci38461447
209420.750,2.67,ci38461455
209460.520,2.75,ci38461463
209701.310,2.84,ci38461495
209958.190,2.9,ci38461527
209998.820,2.7,ci38461535
210175.840,2.88,ci38461583
210307.050,3.3,ci38461599
210323.910,3.12,ci38461607
210479.460,3.16,ci38461631
210523.030,3.08,ci38461639
210700.600,2.54,ci38461663
210703.930,3.51,ci38461655
210763.470,2.73,ci38461671
210872.780,2.54,ci38461687
210896.830,2.6,ci38461695
210900.670,2.51,ci37482645
210914.300,2.64,ci38461711
210918.060,3.36,ci38461703
210970.580,2.84,ci38461719
211029.160,3.09,ci38461727
211047.560,3.82,ci38461735
211111.260,2.98,ci38461743
211143.020,2.56,ci37483109
211224.700,3.45,ci38461775
211286.280,3.07,ci38461783
211292.400,3.09,ci37489469
211410.560,2.96,ci38461807
211506.770,2.9,ci38461815
211700.290,2.58,ci38461871
211704.460,4.04,ci38461879
211715.460,3.24,ci37264316
211788.630,3.28,ci38461887
211846.520,3.47,ci38461903
211900.530,2.6,ci38461911
211928.270,2.52,ci38461919
211951.050,2.62,ci38461927
212279.620,2.61,ci37483293
212364.310,3.19,ci38461991
212406.490,2.8,ci38461999
212550.600,2.75,ci37482845
212554.160,2.54,ci37482869
212760.630,2.84,ci38462047
212768.440,2.8,ci37483269
212803.350,3.84,ci38462063
212890.750,2.9,ci38462071
213024.060,2.91,ci38462087
213039.570,2.92,ci38462095
213079.670,2.56,ci38462103
213102.210,3,ci38462111
213293.300,2.51,ci37483141
213296.470,2.8,ci37483149
213313.110,2.74,ci38462167
213320.710,3.68,ci38462175
213385.380,2.58,ci38462183
213483.660,2.95,ci38462207
213790.030,2.55,ci38462279
213861.460,2.54,ci38462295
213915.480,2.79,ci38462311
214269.930,3.17,ci38462351
214491.830,2.6,ci38462391
214646.220,2.63,ci38462439
214852.650,2.74,ci38462487
215032.740,2.57,ci37405100
215077.860,2.53,ci38462551
215111.440,3.41,ci38462559
215176.160,2.73,ci38462567
215396.820,2.57,ci37489293
215409.760,2.69,ci38462623
215468.210,3.07,ci37264324
215477.790,2.9,ci37264332
215588.090,4.12,ci38462679
215637.430,2.76,ci37405252
215694.030,3.21,ci38462687
215780.060,2.6,ci38462703
215788.590,2.74,ci37483165
215834.050,2.94,ci38462727
215838.100,2.56,ci38462719
216081.050,2.52,ci38462783
216161.840,2.5,ci38462807
216229.650,2.57,ci38462823
216247.930,2.51,ci38462831
216260.630,2.59,ci37483173
216300.770,3.57,ci38462839
216321.290,3.34,ci38462847
216542.880,2.58,ci38462887
216591.370,2.78,ci38462895
216739.510,2.75,ci37483717
216755.820,3.03,ci38462927
216808.140,2.52,ci38462935
217163.430,2.89,ci37403364
217216.210,2.74,ci38462999
217259.050,3.49,ci38463007
217408.970,2.65,ci38463015
217729.340,2.53,ci37358204
217759.810,3.4,ci38463087
218092.650,2.62,ci38463135
218150.290,2.56,ci38463151
218156.550,2.62,ci37421149
218190.300,3.04,ci38463159
218207.160,2.71,ci38463167
218225.450,2.72,ci38463175
218431.170,2.86,ci38463215
218445.760,3.24,ci38463223
218448.320,3.24,ci37264348
218456.230,2.72,ci37264356
218684.280,2.69,ci37358364
218745.540,2.82,ci38463311
218922.880,3.09,ci38463359
218979.110,3.12,ci38463375
218981.590,2.94,ci37491605
219027.800,2.86,ci38463383
219324.800,3.07,ci38463439
219498.140,2.72,ci38463471
219644.170,2.97,ci38463495
219734.800,2.53,ci38463511
220015.260,4.5,ci38463551
220033.840,3.3,ci37264364
220091.860,2.66,ci38463559
220159.930,2.87,ci38463567
220617.730,3.07,ci38463631
220659.590,2.78,ci38463639
220701.880,2.51,ci38463655
220836.290,2.52,ci38463671
221067.280,2.77,ci38463703
221145.400,2.56,ci38463711
221159.760,2.65,ci37482861
221258.660,2.95,ci38463727
221311.290,2.51,ci38463735
221314.870,2.61,ci37483773
221342.310,2.53,ci38463743
221407.140,2.74,ci38463759
221553.390,2.6,ci38463775
221579.500,3.65,ci38463791
221686.310,3.17,ci38463807
221786.800,3.36,ci38463831
221929.570,2.51,ci38463863
221992.770,2.79,ci38463887
221999.260,2.86,ci37483621
222102.730,3.17,ci38463903
222198.740,3.64,ci38463911
222229.660,3.37,ci37264444
222235.520,2.87,ci37264452
222319.050,2.67,ci38463919
222319.050,2.56,ci37483725
222330.280,2.82,ci38463927
222337.930,2.63,ci37483709
222582.550,2.54,ci38463967
222657.740,2.65,ci38463975
222663.870,2.52,ci37485045
222680.100,2.55,ci38463983
222891.690,2.72,ci38464031
222941.930,2.52,ci38464039
222951.090,3.54,ci38464047
223035.840,2.68,ci37483925
223050.840,2.55,ci37483933
223081.050,2.64,ci38464071
223161.040,2.82,ci38464087
223450.710,2.51,ci37407172
223532.470,2.78,ci38464159
223775.210,2.84,ci38464199
223882.440,2.62,ci38464215
223903.730,2.55,ci38464223
224209.040,2.51,ci38464255
224392.520,2.64,ci38464295
224459.650,2.57,ci38464311
224675.140,2.87,ci38464319
224707.020,2.6,ci38464327
224912.070,2.59,ci37409924
225007.580,3.16,ci38464383
225060.440,2.51,ci38464391
225198.240,2.75,ci38464439
225210.510,3.14,ci38464447
225325.690,2.57,ci37421093
225529.380,2.53,ci38464511
225608.920,2.76,ci38464519
225676.580,2.51,ci38464527
225857.250,2.52,ci38464551
226440.640,2.54,ci38464623
226525.760,2.5,ci38464631
226546.540,2.8,ci38464639
226866.790,2.5,ci37492925
227118.640,2.51,ci38464759
227168.840,2.66,ci38464767
227225.970,3.28,ci38464775
227302.000,2.98,ci38464791
227355.230,3.28,ci38464799
227427.680,2.84,ci38464815
227449.810,3.19,ci37483669
227453.580,2.59,ci38464823
227469.940,2.86,ci38464831
227474.200,2.52,ci37484205
227521.450,3.08,ci38464839
227955.430,2.51,ci38464887
227993.410,2.87,ci38464895
228067.810,2.66,ci38464911
228122.190,2.64,ci38464919
228146.670,3.38,ci38464927
228208.500,3.26,ci38464943
228307.560,2.51,ci38464967
228358.270,2.84,ci38464991
228442.490,2.62,ci38465007
228559.940,2.76,ci38465031
228593.370,2.84,ci38465039
228649.900,3.31,ci38465063
228763.690,3.18,ci38465087
228876.500,2.5,ci37493629
229043.400,2.65,ci38465143
229244.790,2.79,ci38465183
229374.660,2.53,ci38465199
229511.020,2.89,ci38465231
229546.040,3.58,ci38465239
229756.960,2.79,ci38465255
230369.290,3.55,ci38465351
230468.210,3.41,ci38465367
230554.150,2.54,ci38465375
230636.670,2.55,ci37409932
230647.030,2.62,ci37409940
230746.960,2.99,ci37409996
230766.330,2.52,ci38465407
230845.570,3.49,ci38465415
230887.290,2.63,ci38465423
230966.640,2.51,ci37410060
231010.260,3.2,ci38465439
231145.170,3.18,ci38465447
231332.990,2.64,ci38465479
231558.710,2.53,ci38465519
232310.710,3.05,ci38465647
232565.820,4.14,ci38465703
232681.320,3.37,ci38465711
232714.730,2.58,ci38465719
232846.160,3.07,ci38465735
232870.810,2.65,ci38465743
232925.120,3.51,ci38465759
232981.530,2.78,ci38465775
233215.650,2.64,ci38465807
233241.410,2.96,ci38465815
233287.010,2.64,ci38465823
233318.330,2.68,ci38465831
233361.970,2.6,ci38465847
233669.060,2.59,ci38465903
234298.210,2.74,ci38465983
234541.450,3.32,ci38466023
234583.740,2.58,ci37494917
234857.330,3.07,ci38466063
234945.020,2.55,ci38466071
234999.890,2.63,ci38466079
235074.040,2.79,ci38466095
235101.440,3.14,ci38466103
235197.550,2.66,ci38466119
235327.260,2.67,ci38466159
235584.580,2.63,ci37483941
235882.170,3,ci38466247
236012.030,2.54,ci38466255
236321.390,2.75,ci38466311
236453.040,2.64,ci37495837
236493.190,3.98,ci38466343
236558.580,2.74,ci38466351
236610.220,2.6,ci38466359
236616.010,2.52,ci37485109
237076.360,2.54,ci38466423
237274.760,2.52,ci38466471
237554.790,3.96,ci38466495
238299.100,2.53,ci37422092
238396.110,3.33,ci38466583
238427.840,2.72,ci37422852
238779.620,3.55,ci38466623
238924.600,2.61,ci38466631
238968.490,2.71,ci38466647
238988.690,3.11,ci38466655
239259.930,2.7,ci38466687
239333.560,2.7,ci38466695
239439.760,3.32,ci38466711
239631.550,2.93,ci38466743
239645.730,2.55,ci37508645
239709.130,2.56,ci38466759
239809.990,3.72,ci38466775
239997.790,2.57,ci37484229
239998.560,2.73,ci38466799
240386.040,3.87,ci38466847
240467.400,3.37,ci38466855
240797.450,2.7,ci38466911
240999.130,3.33,ci38466959
241015.580,2.86,ci37505861
241139.240,3.1,ci38466983
241181.540,3.08,ci38466991
241434.390,2.69,ci37415180
241451.890,2.51,ci37415324
241515.810,2.65,ci38467039
241548.110,2.58,ci38467047
242163.060,2.75,ci38467127
242299.920,2.56,ci38467143
242827.140,2.5,ci38467223
243310.600,2.83,ci38467279
243453.160,3.07,ci38467303
243460.660,2.62,ci37419212
243479.670,2.97,ci38467311
243983.750,3.3,ci38467359
244051.330,2.66,ci38467367
244088.950,2.83,ci38467375
244097.390,2.54,ci37484141
244144.530,3.45,ci38467391
244211.900,2.54,ci38467399
244443.410,2.56,ci38467415
244469.800,3.23,ci38467423
245152.800,2.67,ci37484189
245170.740,2.64,ci38467527
245464.220,2.85,ci37484461
245472.320,2.63,ci37484469
245804.730,2.89,ci37483637
245840.730,2.59,ci37483645
246140.650,2.57,ci38467663
246154.030,3.07,ci38467671
246224.640,2.8,ci38467679
246273.330,2.68,ci38467687
246631.690,2.59,ci38467735
246852.360,2.77,ci38467759
246854.780,2.78,ci37483749
246977.550,2.87,ci38467783
247290.750,3.51,ci38467815
247613.610,2.51,ci38467839
247736.930,2.57,ci38467871
248228.470,2.51,ci38467927
248568.480,2.89,ci38467991
248724.590,3.51,ci38468007
248864.780,3.19,ci38468023
249184.060,2.87,ci37264468
249275.660,2.63,ci38468055
249299.790,3.17,ci38468063
250121.920,3.02,ci38468151
250500.400,2.59,ci38468183
250885.350,3.24,ci38468247
250887.380,2.88,ci37264492
251640.170,2.74,ci38468343
251980.330,2.58,ci37502501
252082.160,2.73,ci38468399
252249.580,3.03,ci38468407
253363.760,2.9,ci38468511
253430.280,2.71,ci38468519
253619.460,2.87,ci38468551
253848.160,2.74,ci38468591
254486.210,2.64,ci38468671
255095.910,3.16,ci38468767
255273.880,2.53,ci38468791
255569.810,2.67,ci38468855
255585.730,2.53,ci37485141
256028.330,2.62,ci38468927
256655.990,2.59,ci38469031
256894.140,3.71,ci38469079
256915.940,2.87,ci37425252
256978.320,2.78,ci38469095
257182.290,3.29,ci38469119
257553.220,2.92,ci38469183
257649.820,3.45,ci38469215
257885.900,2.53,ci38469255
257912.860,3.31,ci38469271
258324.310,2.54,ci38469311
258533.630,2.53,ci38469359
258641.990,4.5,ci38469375
258763.160,2.55,ci38469391
258994.560,3.48,ci38469415
259736.710,2.96,ci38469511
260342.300,2.56,ci38469599
260508.520,2.56,ci38469623
261210.440,2.55,ci38469687
261212.820,2.72,ci37485205
261480.310,2.72,ci38469743
261712.120,3.47,ci38469775
261816.660,2.6,ci38469799
261959.550,2.56,ci38469831
262369.630,2.73,ci38469895
262431.210,3.08,ci38469903
262855.260,2.61,ci37509045
262871.440,2.5,ci37509037
263107.130,3.55,ci38469967
263958.410,2.84,ci38470087
264154.970,2.7,ci38470103
264235.590,3.27,ci38470119
264310.110,2.53,ci37485269
264652.470,3.29,ci38470159
264743.100,2.94,ci38470167
265716.090,2.78,ci38470279
266764.700,3.6,ci38470415
267048.820,3.48,ci38470439
267107.830,2.62,ci38470447
267421.710,3.64,ci38470471
267441.270,2.69,ci38470479
268168.400,2.86,ci38470575
268937.190,2.81,ci38470735
269507.850,2.73,ci38470847
269870.730,2.6,ci38470879
269957.550,3.37,ci38470887
270542.600,2.63,ci37462380
270792.460,3.62,ci38470999
271246.600,2.83,ci38471079
271406.660,3.3,ci38471103
272044.180,2.52,ci38471175
273050.420,2.65,ci38471311
273055.980,3.12,ci37264612
275217.560,3.32,ci38471687
276497.360,2.9,ci38471847
276991.290,3.05,ci38471927
277848.560,2.84,ci38472039
279495.480,4.53,ci38472279
279711.840,2.67,ci38472287
279747.640,2.6,ci37485429
279747.810,2.64,ci38472295
279756.860,2.75,ci37485445
281226.460,3.5,ci38472463
281376.790,2.64,ci38472471
281414.660,2.66,ci38472479
281708.230,2.79,ci38472543
281792.780,2.94,ci38472559
282036.770,2.53,ci38472583
282215.070,2.7,ci37485637
282221.760,2.51,ci38472607
282267.560,2.58,ci38472623
283273.410,2.7,ci38472759
283484.800,2.79,ci38472799
283584.530,2.5,ci38472815
284247.880,3.43,ci38472895
284321.740,2.67,ci37485693
284978.840,3.6,ci38473039
285182.660,3.17,ci38473063
285554.380,3.37,ci38473119
285626.120,3.45,ci38473135
285741.790,2.66,ci38473151
285829.100,2.53,ci38473167
285934.910,2.74,ci38473191
285949.950,2.71,ci37485237
286057.900,2.61,ci38473207
286266.530,3.11,ci38473223
286671.620,2.76,ci38473279
287031.540,2.59,ci38473335
288137.180,2.59,ci38473503
288205.610,3.68,ci38473511
288816.560,2.55,ci38473599
288949.040,2.65,ci38473631
289082.270,2.74,ci38473663
289723.740,2.58,ci38473743
289805.350,2.51,ci38473759
290307.500,3.33,ci38473831
290345.650,2.98,ci38473839
291258.630,3.1,ci38473967
291400.130,3.38,ci38473983
291601.850,2.5,ci38474007
291731.490,2.63,ci38474023
291958.270,2.88,ci37485461
291970.960,2.7,ci38474079
292165.030,3.11,ci38474119
292201.710,3.5,ci38474127
292222.290,2.72,ci38474143
292295.960,2.93,ci38474151
294083.000,3.45,ci38474415
294409.800,2.99,ci38474463
294772.890,2.81,ci38474535
295347.590,3.32,ci38474639
295572.980,3.47,ci38474687
295891.090,2.52,ci38474751
296487.220,3.48,ci38474855
296676.530,2.82,ci38474887
297174.640,3.39,ci38474959
297465.720,3.24,ci38475007
297824.140,2.55,ci38475071
298500.020,2.52,ci38475223
298917.250,2.78,ci38475295
299044.400,2.73,ci38475311
299044.780,2.77,ci37421189
299771.530,2.55,ci38475375
299850.230,2.65,ci38475391
300136.240,4.16,ci38475431
300571.150,2.74,ci38475463
300830.220,3.49,ci38475511
301264.190,3.2,ci38475551
302186.260,2.73,ci38475663
303698.410,2.6,ci38475839
304541.200,2.66,ci38475927
304788.530,3.44,ci38475967
304810.690,2.59,ci38475975
305283.160,2.77,ci38476007
305834.370,2.58,ci38476071
306315.680,2.56,ci38476151
306794.070,2.73,ci38476199
307432.310,3.19,ci38476279
307546.310,2.73,ci38476287
310456.270,2.67,ci38476607
310894.990,3.33,ci38476671
311298.780,3.04,ci38476711
311523.300,2.71,ci38476735
311573.120,2.76,ci37485709
311613.530,2.65,ci38476751
311626.610,2.57,ci37485685
312400.570,3.6,ci38476855
312893.610,2.93,ci38476927
313504.970,2.96,ci38477007
313921.610,2.59,ci38477063
314857.870,2.52,ci38477167
315052.520,2.64,ci38477191
315088.690,2.5,ci38477199
315289.790,2.62,ci38477223
316091.730,3.56,ci38477303
316155.080,3.15,ci38477319
316249.840,2.9,ci38477335
317280.630,3.05,ci38477415
318704.260,2.5,ci38477575
319241.590,3.06,ci37485653
320445.940,2.64,ci38477751
322384.470,2.5,ci38478039
322402.870,2.83,ci38478047
323049.370,2.9,ci38478143
323245.090,2.86,ci38478183
324357.760,3.07,ci38478335
324456.300,2.65,ci38478343
325159.940,3.1,ci38478423
325678.780,2.52,ci38478503
326435.890,2.59,ci38478647
327002.290,3.59,ci38478703
327651.300,3.35,ci38478823
328355.660,2.54,ci38478911
329060.520,2.67,ci38478999
329094.550,2.68,ci38479007
329289.920,2.68,ci38479031
329830.170,3.14,ci38479143
330516.830,3.03,ci38479239
330523.030,2.89,ci37366852
330690.610,2.8,ci38479263
331748.130,2.54,ci38479439
332041.240,2.52,ci38479511
332044.240,2.52,ci37485701
333036.090,2.67,ci38479655
333972.220,2.68,ci38479775
334001.090,3.13,ci38479783
334440.980,2.5,ci38479855
334971.730,3.47,ci38479903
335116.710,2.77,ci38479911
335729.660,3.79,ci38479967
336051.450,2.74,ci38479991
337271.280,2.59,ci38480119
337284.630,2.73,ci38480127
338451.070,2.91,ci38480255
338868.560,2.81,ci38480287
339788.510,2.67,ci38480391
339807.600,2.51,ci37347644
340054.480,2.84,ci38480415
340401.390,3.52,ci38480447
340523.440,2.9,ci38480463
340967.490,2.55,ci38480519
341572.840,3.38,ci38480559
342144.490,3.13,ci38480631
343295.610,2.75,ci38480775
344008.310,2.58,ci38480855
344216.940,3.93,ci38480919
344697.550,3.45,ci38480967
344725.550,3.4,ci38480975
346405.810,3.12,ci38481167
347371.820,2.77,ci38481279
351418.300,3.76,ci38481735
351427.910,3.5,ci37264764
351501.060,2.8,ci38481743
352640.340,2.66,ci38481863
354255.710,2.78,ci38482047
354263.770,2.76,ci37485741
355348.850,2.69,ci38482167
355582.320,2.68,ci38482207
357146.590,3.07,ci38482375
357315.040,2.7,ci38482383
358626.560,2.62,ci37369252
359133.640,2.54,ci38482615
359496.310,2.62,ci38482663
359521.780,2.52,ci38482671
359654.430,2.72,ci38482695
360187.840,3.15,ci38482775
361749.620,2.79,ci38482983
362389.360,2.84,ci38483063
362596.110,2.59,ci38483087
362988.120,2.83,ci38483119
363238.890,2.51,ci38483151
363594.440,2.83,ci38483199
363730.410,3.02,ci38483215
364366.620,2.55,ci38483295
364418.220,2.57,ci38483303
364436.520,2.5,ci37368180
364502.730,3.22,ci38483327
364734.500,2.8,ci38483343
365056.810,3.3,ci38483383
366191.160,2.81,ci38483527
366845.090,3.49,ci38483591
367821.010,2.51,ci38483671
368288.550,3.15,ci38483743
369916.580,3.1,ci38483983
370040.580,2.68,ci38483999
371914.580,3.56,ci38484231
372512.250,2.54,ci38484295
372514.810,2.62,ci37366860
372718.400,3.55,ci38484311
372949.240,2.59,ci38484327
373340.890,2.55,ci38484367
373948.080,2.88,ci38484479
375153.280,2.51,ci38484599
375488.640,2.57,ci38484615
375602.410,3.9,ci38484631
378020.930,2.69,ci38484919
379048.070,2.72,ci38485087
380227.340,2.66,ci38485271
381430.970,3.5,ci38485391
382282.890,2.75,ci38485487
384252.700,2.8,ci38485711
386602.590,3.16,ci38486063
386748.190,2.9,ci38486087
387296.180,2.98,ci38486199
387902.810,2.75,ci38486295
389258.750,2.6,ci38486535
389697.890,3.47,ci38486591
390088.510,3.18,ci38486639
391116.410,2.64,ci38486807
391358.170,3.1,ci38486831
392368.610,2.6,ci38486959
392628.910,2.64,ci38487015
394146.720,2.7,ci38487231
394746.980,2.6,ci38487351
395899.180,3.15,ci38487519
396559.660,2.82,ci38487615
397640.170,2.61,ci38487807
397861.380,3.26,ci38487839
399174.720,2.58,ci38488095
401747.970,2.61,ci38488519
403468.280,3.83,ci38488719
403755.380,2.51,ci37369300
403797.580,3.48,ci38488767
403892.450,2.71,ci38488783
404112.080,2.56,ci38488815
404556.650,2.88,ci38488879
404573.150,2.94,ci38488887
405068.670,3.03,ci38488975
405926.130,2.78,ci38489103
406510.350,2.57,ci38489183
406954.090,2.55,ci38489271
407103.380,2.56,ci38489311
408595.450,2.53,ci37486301
408603.450,2.55,ci38489543
409682.600,2.78,ci38489711
409801.470,3.52,ci38489727
409848.540,2.88,ci38489735
410027.170,3.81,ci38489751
410634.630,3.02,ci38489847
411019.710,3.23,ci38489903
411657.730,2.96,ci38490007
411687.180,2.91,ci38490015
416721.870,2.96,ci38490727
416876.560,2.77,ci38490759
419394.770,2.72,ci38491215
420135.630,2.63,ci38491343
420574.390,2.81,ci38491423
421558.710,2.66,ci38491655
423216.980,2.63,ci38491879
424133.400,2.89,ci38492015
425929.260,3.15,ci38492271
426339.650,2.61,ci38492343
426349.020,2.9,ci37367164
426983.720,2.67,ci38492423
428260.960,3.37,ci38492599
429821.570,3.31,ci38492831
431458.890,2.67,ci38493071
432001.000,3.22,ci38493191
432007.060,3.01,ci37265084
433218.830,2.77,ci38493407
435450.690,3.06,ci38493743
436870.510,2.53,ci38494055
437306.320,2.73,ci38494127
438118.150,2.58,ci38494263
446574.020,3.56,ci38495767
448331.320,2.94,ci38496079
451065.790,2.58,ci38496551
451513.850,2.74,ci38496647
451695.760,2.98,ci38496663
452715.750,2.84,ci38496855
453226.230,2.8,ci38496927
453244.490,2.79,ci38496935
453948.700,2.52,ci38497063
455050.890,3.06,ci38497239
455786.640,2.67,ci38497375
456027.600,2.54,ci38497431
457260.430,2.6,ci38497687
457456.270,3.1,ci38497719
460446.300,2.79,ci38498375
460484.370,2.53,ci38498383
461851.570,3.58,ci38498615
461888.350,2.93,ci38498623
461946.760,2.5,ci38498631
462226.920,3.21,ci38498647
463798.460,2.84,ci38498903
465075.400,3.21,ci38499159
465752.000,3.14,ci38499303
465796.140,2.58,ci38499319
466262.100,2.63,ci38499415
469241.510,2.7,ci38500127
469312.370,3.54,ci38500135
470491.880,3.11,ci38500391
471046.780,2.62,ci38500511
471273.850,2.54,ci38500551
473967.990,2.51,ci37486501
475002.020,2.76,ci38501199
476256.920,2.6,ci38501455
476712.000,2.51,ci38501535
478701.680,3.47,ci38501895
478711.930,3.03,ci37265404
480528.060,3.42,ci38502215
483513.290,2.82,ci38502727
483657.200,2.62,ci38502751
486567.050,2.7,ci38503303
486659.050,2.92,ci38503311
487400.970,2.72,ci38503423
488445.550,3.49,ci38503631
492423.120,3.33,ci38504415
493888.660,3.55,ci38504647
495847.050,2.57,ci38505087
499057.340,3.43,ci38505679
499276.040,2.88,ci38505687
503066.840,2.52,ci38506303
503390.550,3.11,ci38506343
503482.780,2.56,ci38506351
503811.010,2.62,ci38506391
504248.200,2.69,ci38506479
507559.310,2.51,ci38507055
509707.570,2.87,ci38507415
510466.140,2.78,ci38507583
510769.310,3.28,ci38507623
513899.630,2.52,ci38508303
514442.880,2.68,ci38508415
515097.710,2.88,ci38508519
515526.140,2.54,ci38508599
515761.950,2.75,ci38508655
516136.730,2.7,ci38508743
517447.220,2.61,ci38508975
517650.220,2.52,ci38508999
517933.310,2.71,ci38509071
519682.450,2.66,ci38509359
520671.370,2.52,ci38509543
521297.580,4.07,ci38509663
521605.750,2.71,ci38509695
521918.320,2.88,ci38509775
524582.630,3.96,ci38510319
524694.890,2.56,ci38510335
524838.760,2.93,ci38510375
525539.180,2.88,ci38510495
527623.790,2.59,ci38510943
531774.900,3.61,ci38511719
533651.760,3.06,ci38512103
541205.780,2.85,ci38513463
541305.580,2.56,ci38513471
541456.010,2.98,ci38513511
543926.260,3.69,ci38513943
544962.980,3.08,ci38514151
545008.620,2.53,ci38514159
548492.680,2.89,ci38514767
550293.570,2.73,ci38515111
551317.390,2.73,ci38515279
551391.950,2.55,ci38515287
551615.440,2.63,ci38515303
552078.020,2.79,ci38515407
552728.290,3.25,ci38515519
553552.740,2.68,ci38515663
554660.840,3.16,ci38515863
555189.650,2.63,ci38515935
555509.000,2.54,ci38516007
557884.970,3.45,ci38516463
559734.320,2.51,ci38516823
560157.450,2.67,ci38516879
561605.090,3.81,ci38517119
561634.650,2.78,ci38517127
563336.960,4.18,ci38517471
564566.810,3.05,ci38517703
565338.690,3.2,ci38517847
565802.400,2.73,ci38517919
566589.190,3.43,ci38518087
567537.360,3.26,ci38518287
568998.340,2.52,ci38518527
571986.080,3.52,ci38519135
572040.380,2.96,ci38519143
572516.140,3.33,ci38519223
572524.290,3.56,ci38519231
572536.480,2.71,ci37486837
572964.600,3.21,ci38519287
575552.250,2.82,ci38519839
576098.210,3.49,ci38519951
579120.660,2.8,ci38520447
579315.750,2.81,ci38520495
579415.180,2.59,ci38520503
582201.520,3.24,ci38521047
582201.710,2.92,ci38521039
582375.810,2.76,ci38521087
586078.060,2.53,ci38521791
586141.420,4.09,ci38521799
586295.250,3.7,ci38521815
586303.830,3.51,ci37265572
586404.760,2.61,ci38521823
587702.530,3.25,ci38522055
587714.920,3.18,ci37248948
588543.180,2.65,ci38522175
589451.250,2.67,ci38522383
590991.950,4.17,ci38522647
591041.830,2.68,ci37421061
592785.480,2.88,ci38523023
594096.740,2.79,ci38523175
596458.420,3.09,ci38523567
597145.450,2.94,ci38523695
598548.260,3.87,ci38523943
598553.250,3.66,ci37265580
598856.590,2.8,ci37486557
598916.120,2.59,ci38523999
602199.460,2.66,ci38524615
603055.040,2.51,ci38524775
603223.630,2.94,ci38524815
603253.690,2.61,ci38524823
603343.530,3.01,ci38524831
604123.270,3.29,ci38524935
604739.200,3.62,ci38525047
605334.490,3.05,ci38525143
605454.850,2.54,ci38525167
605501.620,2.68,ci38525175
605677.320,4.52,ci38525207
605739.220,4.37,ci38525215
606019.930,3.45,ci38525247
606944.320,3.01,ci38525407
607373.270,3.07,ci38525479
607569.530,3.21,ci38525495
609249.990,2.75,ci38525815
609710.780,3.16,ci38525895
609932.920,2.53,ci38525927
614122.450,3.51,ci38526799
615456.490,2.77,ci38527079
616764.590,2.6,ci38527327
618353.450,2.75,ci38527655
619801.370,4.3,ci38527863
620135.510,2.53,ci38527919
620329.390,3.45,ci38527943
620994.390,2.93,ci38528039
621133.230,2.51,ci38528047
621931.010,3.57,ci38528167
621985.210,2.72,ci38528183
622004.520,2.6,ci38528191
623026.140,3.55,ci38528383
625357.500,2.69,ci38528791
625416.190,2.8,ci38528807
625952.870,2.78,ci38528871
630245.960,4.02,ci38529591
631189.980,3.53,ci38529711
631687.380,2.87,ci38529815
631942.400,2.58,ci38529847
633356.460,3.37,ci38530047
636482.340,3.44,ci38530495
642389.870,3.48,ci38531487
642444.390,3.13,ci38531503
643415.390,3.55,ci38531663
643919.670,2.63,ci38531703
644385.820,3.67,ci38531775
645403.240,2.77,ci38531895
645447.630,3.17,ci38531903
646576.600,3.53,ci38532079
646653.840,2.84,ci38532095
646777.950,2.71,ci38532119
648476.160,2.59,ci38532399
649204.630,3,ci38532479
649242.280,3.52,ci38532487
649313.180,2.73,ci38532503
651251.370,2.72,ci38532823
652393.510,3.11,ci38532975
655551.980,2.56,ci38533423
656659.130,2.52,ci38533551
658079.430,2.52,ci38533759
659772.660,2.75,ci38534095
660171.540,2.66,ci38534167
660772.260,3.87,ci38534255
661866.400,3.31,ci38534415
663548.760,3.72,ci38534591
664868.500,3.53,ci38534735
667404.920,2.62,ci38535135
667864.060,3.1,ci38535183
668873.480,2.6,ci38535359
670345.800,2.53,ci38535535
670381.350,2.54,ci38535543
673653.850,2.58,ci38536071
674013.210,2.64,ci38536159
674097.410,2.7,ci38536167
676254.040,2.77,ci38536527
682599.480,2.67,ci38537591
682955.360,2.67,ci38537671
682963.380,2.54,ci38537679
686277.210,2.65,ci38538263
687028.250,2.51,ci38538375
688872.660,2.57,ci38538751
689847.310,2.96,ci38538911
690318.670,4.14,ci38538991
690421.440,2.57,ci38538999
690668.980,3.46,ci38539031
690752.220,3.64,ci38539039
